{"name":"1b250e7b-baf6-4cda-aec8-4ee84ff5beb3","id":"/providers/Microsoft.Flow/flows/1b250e7b-baf6-4cda-aec8-4ee84ff5beb3","type":"Microsoft.Flow/flows","properties":{"apiId":"/providers/Microsoft.PowerApps/apis/shared_logicflows","displayName":"Office Entry - Email Delivery","definition":{"metadata":{"workflowEntityId":null,"flowclientsuspensionreason":"None","flowclientsuspensiontime":null,"creator":{"id":"370a5968-f2cd-43b5-8e9e-032d3ee211f5","type":"User","tenantId":"tenant_id"},"provisioningMethod":"FromDefinition","failureAlertSubscription":true,"clientLastModifiedTime":"2020-09-09T23:10:13.4665413Z"},"$schema":"https://schema.management.azure.com/providers/Microsoft.Logic/schemas/2016-06-01/workflowdefinition.json#","contentVersion":"1.0.0.0","parameters":{"$connections":{"defaultValue":{},"type":"Object"},"$authentication":{"defaultValue":{},"type":"SecureObject"}},"triggers":{"Recurrence":{"recurrence":{"frequency":"Minute","interval":5,"timeZone":"Eastern Standard Time","startTime":"2020-08-06T00:00:05.000Z"},"type":"Recurrence"}},"actions":{"Apply_to_each_4":{"foreach":"@outputs('Get_items')?['body/value']","actions":{"Condition":{"actions":{"HealthAndSafetyEN":{"runAfter":{},"type":"OpenApiConnection","inputs":{"host":{"apiId":"/providers/Microsoft.PowerApps/apis/shared_sharepointonline","connectionName":"shared_sharepointonline","operationId":"GetFileContentByPath"},"parameters":{"dataset":"YOUR_SHAREPOINT_ONLINE_SITE_HERE","path":"/Shared Documents/HealthAndSafetyEN.pdf","inferContentType":true},"authentication":"@parameters('$authentication')"}},"HealthAndSafetyFR":{"runAfter":{"HealthAndSafetyEN":["Succeeded"]},"type":"OpenApiConnection","inputs":{"host":{"apiId":"/providers/Microsoft.PowerApps/apis/shared_sharepointonline","connectionName":"shared_sharepointonline","operationId":"GetFileContentByPath"},"parameters":{"dataset":"YOUR_SHAREPOINT_ONLINE_SITE_HERE","path":"/Shared Documents/HealthAndSafetyFR.pdf","inferContentType":true},"authentication":"@parameters('$authentication')"}},"Send_an_email_(V2)_2":{"runAfter":{"HealthAndSafetyFR":["Succeeded"]},"type":"OpenApiConnection","inputs":{"host":{"apiId":"/providers/Microsoft.PowerApps/apis/shared_office365","connectionName":"shared_office365","operationId":"SendEmailV2"},"parameters":{"emailMessage/To":"@items('Apply_to_each_4')?['VisitorEmail']","emailMessage/Subject":"@items('Apply_to_each_4')?['OData__x0072_lf4']","emailMessage/Body":"<p>@{items('Apply_to_each_4')?['ybjl']}</p>","emailMessage/From":"donotreply-nepasrepondre@justice.gc.ca","emailMessage/Cc":"@items('Apply_to_each_4')?['EmailCC']","emailMessage/Attachments":[{"Name":"COVID-19 Health and Safety Measures.pdf","ContentBytes":"@outputs('HealthAndSafetyEN')?['body']"},{"Name":"Mesures de santé et de sécurité COVID-19.pdf","ContentBytes":"@outputs('HealthAndSafetyFR')?['body']"}],"emailMessage/Importance":"Normal"},"authentication":"@parameters('$authentication')"}}},"runAfter":{},"else":{"actions":{"Send_an_email_(V2)_3":{"runAfter":{},"type":"OpenApiConnection","inputs":{"host":{"apiId":"/providers/Microsoft.PowerApps/apis/shared_office365","connectionName":"shared_office365","operationId":"SendEmailV2"},"parameters":{"emailMessage/To":"@items('Apply_to_each_4')?['VisitorEmail']","emailMessage/Subject":"@items('Apply_to_each_4')?['OData__x0072_lf4']","emailMessage/Body":"<p>@{items('Apply_to_each_4')?['ybjl']}</p>","emailMessage/From":"donotreply-nepasrepondre@justice.gc.ca","emailMessage/Cc":"@items('Apply_to_each_4')?['EmailCC']","emailMessage/Importance":"Normal"},"authentication":"@parameters('$authentication')"}}}},"expression":{"equals":["@items('Apply_to_each_4')?['AttachHealthAndSafety']","@true"]},"type":"If"},"Update_item_4":{"runAfter":{"Condition":["Succeeded"]},"type":"OpenApiConnection","inputs":{"host":{"apiId":"/providers/Microsoft.PowerApps/apis/shared_sharepointonline","connectionName":"shared_sharepointonline","operationId":"PatchItem"},"parameters":{"dataset":"YOUR_SHAREPOINT_ONLINE_SITE_HERE","table":"EmailQueue","id":"@items('Apply_to_each_4')?['ID']","item/Title":"@items('Apply_to_each_4')?['Title']","item/EmailState":"S","item/EmailDelivered":"@utcNow()","item/AttachHealthAndSafety":true},"authentication":"@parameters('$authentication')"}},"Update_item":{"runAfter":{"Condition":["Failed"]},"type":"OpenApiConnection","inputs":{"host":{"apiId":"/providers/Microsoft.PowerApps/apis/shared_sharepointonline","connectionName":"shared_sharepointonline","operationId":"PatchItem"},"parameters":{"dataset":"YOUR_SHAREPOINT_ONLINE_SITE_HERE","table":"EmailQueue","id":"@items('Apply_to_each_4')?['ID']","item/Title":"@items('Apply_to_each_4')?['Title']","item/EmailState":"F","item/AttachHealthAndSafety":false},"authentication":"@parameters('$authentication')"}}},"runAfter":{"Get_items":["Succeeded"]},"type":"Foreach"},"Get_items":{"runAfter":{},"type":"OpenApiConnection","inputs":{"host":{"apiId":"/providers/Microsoft.PowerApps/apis/shared_sharepointonline","connectionName":"shared_sharepointonline","operationId":"GetItems"},"parameters":{"dataset":"YOUR_SHAREPOINT_ONLINE_SITE_HERE","table":"EmailQueue","$filter":"DeliverAfter le '@{utcNow()}' and DeliverBefore ge '@{utcNow()}' and EmailState eq 'R'"},"authentication":"@parameters('$authentication')"},"runtimeConfiguration":{"paginationPolicy":{"minimumItemCount":5000}}}}},"connectionReferences":{"shared_sharepointonline":{"connectionName":"644e903d6e274ec88496aff4d769f003","source":"Embedded","id":"/providers/Microsoft.PowerApps/apis/shared_sharepointonline","tier":"NotSpecified"},"shared_office365":{"connectionName":"shared-office365-80b3aefd-889d-4775-a96a-bd5df5cfbd24","source":"Embedded","id":"/providers/Microsoft.PowerApps/apis/shared_office365","tier":"NotSpecified"}},"flowFailureAlertSubscribed":false}}