{"schemaVersion":"1.0","appDefinitionTemplate":{"id":"/providers/Microsoft.PowerApps/apps/","type":"Microsoft.PowerApps/apps","tags":{"primaryDeviceWidth":"640","primaryDeviceHeight":"1136","sienaVersion":"20201030T154445Z-3.20101.20.0","deviceCapabilities":"","supportsPortrait":"true","supportsLandscape":"false","primaryFormFactor":"Phone","publisherVersion":"3.20101.20","minimumRequiredApiVersion":"2.2.0","hasComponent":"false","hasUnlockedComponent":"false","isUnifiedRootApp":"false"},"properties":{"appVersion":"2020-10-30T15:44:45Z","lifeCycleId":"Published","createdByClientVersion":{"major":3,"minor":20101,"build":20,"revision":0,"majorRevision":0,"minorRevision":0},"minClientVersion":{"major":3,"minor":20101,"build":20,"revision":0,"majorRevision":0,"minorRevision":0},"backgroundColor":"rgba(81, 92, 107, 1)","backgroundImageUri":"/5236059732331121424/N1f1f02bc-c1f5-40e3-9767-aa78bd297544-logoSmallFile","displayName":"OGD-AM - COVID-19 Office Entry - Entrée au bureau","description":"The Department of Justice Canada is committed to ensuring that the health and safety of every employee is protected while they are at work.\n\nIn the midst of the COVID-19 pandemic, this app was developed to support a safe, organized and gradual return to Justice Canada workplaces.\n\nThe app allows employees to request access to Justice workplace sites, and managers to monitor, review and approve employee requests.\n\n--\nLe ministère de la Justice du Canada s'est engagé à veiller à ce que la santé et la sécurité de chaque employé soient protégées pendant qu'il travaille.\n\nAu milieu de la pandémie de COVID-19, cette application a été développée pour favoriser un retour sécuritaire, organisé et progressif sur les lieux de travail de Justice Canada.\n\nL'application permet aux employés de demander l'accès aux sites de travail du ministère de la Justice et aux gestionnaires de surveiller, d'examiner et d'approuver les demandes des employés.","commitMessage":"","appUris":{"documentUri":{"value":"/5236059732331121424/N60415b09-8073-41d3-9b48-be3e356769bc-document.msapp","readonlyValue":"/5236059732331121424/N60415b09-8073-41d3-9b48-be3e356769bc-document.msapp"},"imageUris":[]},"createdTime":"0001-01-01T00:00:00Z","lastModifiedTime":"0001-01-01T00:00:00Z","sharedGroupsCount":0,"sharedUsersCount":0,"icons":{"smallIconUri":"/5236059732331121424/N08935dd8-b245-4109-a386-1cb1bdad059d-small.png","mediumIconUri":"/5236059732331121424/Nfeb4fcd3-a68f-4324-8ebf-c1bf18d25e61-medium.png","largeIconUri":"/5236059732331121424/N654cfd49-1dd8-4f7c-a9d5-1cfc71d47aa5-large.png","wideIconUri":"/5236059732331121424/Na935d44b-0d1a-495e-b955-6f560e342fb5-wide.png"},"connectionReferences":{"2af3f589-85b4-4db5-ac25-e9cb298eb7df":{"id":"e5163715-0ec9-4f0d-b7f0-9a756093ee9d","displayName":"Office 365 Users","iconUri":"https://connectoricons-prod.azureedge.net/releases/v1.0.1402/1.0.1402.2163/office365users/icon.png","dataSources":["Office365Users"],"dependencies":[],"dependents":[],"parameterHints":{},"isOnPremiseConnection":false,"bypassConsent":false,"dataSets":{},"apiTier":"Standard","isCustomApiConnection":false},"6c1f66f8-64dd-4504-b937-8cbc5e7ca11f":{"id":"41f30695-524a-4d03-a0b7-28b837e60070","displayName":"Power Apps Notification","iconUri":"https://connectoricons-prod.azureedge.net/releases/v1.0.1402/1.0.1402.2163/powerappsnotification/icon.png","dataSources":["PowerAppsNotification"],"dependencies":[],"dependents":[],"parameterHints":{},"isOnPremiseConnection":false,"sharedConnectionId":"8eaa986f-ef55-4114-8037-33932127bf02","bypassConsent":false,"dataSets":{},"apiTier":"Standard","isCustomApiConnection":false}},"databaseReferences":{},"almMode":"Environment","performanceOptimizationEnabled":false,"canConsumeAppPass":true,"executionRestrictions":{"isTeamsOnly":false,"dataLossPreventionEvaluationResult":{"status":"Compliant","lastEvaluationDate":"2020-10-26T16:26:11.8423937Z","violationDetails":[]}}},"isAppComponentLibrary":false,"appType":"ClassicCanvasApp","appComponents":[]}}