{"schemaVersion":"1.0","appDefinitionTemplate":{"id":"/providers/Microsoft.PowerApps/apps/","type":"Microsoft.PowerApps/apps","tags":{"primaryDeviceWidth":"1366","primaryDeviceHeight":"768","sienaVersion":"20221115T160422Z-3.22111.19.0","deviceCapabilities":"","supportsPortrait":"false","supportsLandscape":"true","primaryFormFactor":"Tablet","publisherVersion":"3.22111.19","minimumRequiredApiVersion":"2.2.0","hasComponent":"false","hasUnlockedComponent":"false","isUnifiedRootApp":"false"},"properties":{"appVersion":"2022-11-15T16:04:22Z","lifeCycleId":"Published","createdByClientVersion":{"major":3,"minor":22111,"build":19,"revision":0,"majorRevision":0,"minorRevision":0},"minClientVersion":{"major":3,"minor":22111,"build":19,"revision":0,"majorRevision":0,"minorRevision":0},"backgroundColor":"rgba(0, 176, 240, 1)","backgroundImageUri":"/5255698099590463934/N9d9e5dff-0e93-46e8-8189-0bfc1677dec1-logoSmallFile","displayName":"OGD - Office Entry Admin","description":"","commitMessage":"","appUris":{"documentUri":{"value":"/5255698099590463934/Nf0f3b03d-c165-4dfb-b6c3-2f301e539054-document.msapp"},"imageUris":[],"additionalUris":[]},"createdTime":"0001-01-01T00:00:00Z","lastModifiedTime":"0001-01-01T00:00:00Z","sharedGroupsCount":0,"sharedUsersCount":0,"icons":{"smallIconUri":"/5255698099590463934/Nf38086e0-70a6-486b-b464-0a93e8f4575a-small.png","mediumIconUri":"/5255698099590463934/N96299651-894d-4cea-955f-6fd4822f1ba3-medium.png","largeIconUri":"/5255698099590463934/N5dabff65-8fa1-475d-b4d2-54d8fc0c433d-large.png","wideIconUri":"/5255698099590463934/Nc69f68f9-9ddf-47fc-8bc1-aab6c434814c-wide.png"},"connectionReferences":{},"databaseReferences":{},"almMode":"Environment","performanceOptimizationEnabled":true,"canConsumeAppPass":true,"enableModernRuntimeMode":false,"executionRestrictions":{"isTeamsOnly":false,"dataLossPreventionEvaluationResult":{"status":"Compliant","lastEvaluationDate":"2021-02-15T20:22:48.6687345Z","violationDetails":[]}}},"appType":"ClassicCanvasApp","appComponents":[]}}