{"name":"d4412026-3d9b-44cd-b5be-57cd357d934d","id":"/providers/Microsoft.Flow/flows/d4412026-3d9b-44cd-b5be-57cd357d934d","type":"Microsoft.Flow/flows","properties":{"apiId":"/providers/Microsoft.PowerApps/apis/shared_logicflows","displayName":"Office Entry - Commissionaire Email","definition":{"metadata":{"workflowEntityId":null,"flowclientsuspensionreason":"None","flowclientsuspensiontime":null,"creator":{"id":"370a5968-f2cd-43b5-8e9e-032d3ee211f5","type":"User","tenantId":"tenant_id"},"provisioningMethod":"FromDefinition","failureAlertSubscription":true,"clientLastModifiedTime":"2020-09-05T21:05:58.2776411Z"},"$schema":"https://schema.management.azure.com/providers/Microsoft.Logic/schemas/2016-06-01/workflowdefinition.json#","contentVersion":"1.0.0.0","parameters":{"$connections":{"defaultValue":{},"type":"Object"},"$authentication":{"defaultValue":{},"type":"SecureObject"}},"triggers":{"Recurrence":{"recurrence":{"frequency":"Day","interval":1,"startTime":"2020-07-08T10:00:00.000Z"},"type":"Recurrence"}},"actions":{"Get_buildings":{"runAfter":{"Initialize_variable_3":["Succeeded"]},"metadata":{"flowSystemMetadata":{"swaggerOperationId":"GetItems"}},"type":"ApiConnection","inputs":{"host":{"connection":{"name":"@parameters('$connections')['shared_sharepointonline']['connectionId']"},"api":{"runtimeUrl":"https://canada-001.azure-apim.net/apim/sharepointonline"}},"method":"get","path":"/datasets/@{encodeURIComponent(encodeURIComponent('YOUR_SHAREPOINT_ONLINE_SITE_HERE'))}/tables/@{encodeURIComponent(encodeURIComponent('Building'))}/items","queries":{"$filter":"CommissionaireEmail ne null"},"authentication":"@parameters('$authentication')"}},"Apply_to_each":{"foreach":"@body('Get_buildings')?['value']","actions":{"Apply_to_each_2":{"foreach":"@body('Get_floors')?['value']","actions":{"Get_requests":{"runAfter":{},"metadata":{"flowSystemMetadata":{"swaggerOperationId":"GetItems"}},"type":"ApiConnection","inputs":{"host":{"connection":{"name":"@parameters('$connections')['shared_sharepointonline']['connectionId']"},"api":{"runtimeUrl":"https://canada-001.azure-apim.net/apim/sharepointonline"}},"method":"get","path":"/datasets/@{encodeURIComponent(encodeURIComponent('YOUR_SHAREPOINT_ONLINE_SITE_HERE'))}/tables/@{encodeURIComponent(encodeURIComponent('AccessRequest'))}/items","queries":{"$filter":"EntryDate eq '@{formatDateTime(utcNow(), 'M/d/yyyy')}' and FloorID eq '@{items('Apply_to_each_2')?['Title']}' and Status eq 'A'"},"authentication":"@parameters('$authentication')"}},"Apply_to_each_3":{"foreach":"@body('Get_requests')?['value']","actions":{"Append_to_string_variable_2":{"runAfter":{},"type":"AppendToStringVariable","inputs":{"name":"BuildingEntries","value":"<p><strong>@{items('Apply_to_each_3')?['EmployeeName']}</strong> - @{items('Apply_to_each_2')?['FloorEnglishText']} (@{items('Apply_to_each_3')?['StartHour']}:00 - @{items('Apply_to_each_3')?['EndHour']}:00)</p>"}},"Get_items_2":{"runAfter":{"Append_to_string_variable_2":["Succeeded"]},"metadata":{"flowSystemMetadata":{"swaggerOperationId":"GetItems"}},"type":"ApiConnection","inputs":{"host":{"connection":{"name":"@parameters('$connections')['shared_sharepointonline']['connectionId']"},"api":{"runtimeUrl":"https://canada-001.azure-apim.net/apim/sharepointonline"}},"method":"get","path":"/datasets/@{encodeURIComponent(encodeURIComponent('YOUR_SHAREPOINT_ONLINE_SITE_HERE'))}/tables/@{encodeURIComponent(encodeURIComponent('VisitorLog'))}/items","queries":{"$filter":"AccessRequestID eq '@{items('Apply_to_each_3')?['Title']}'"},"authentication":"@parameters('$authentication')"}},"Apply_to_each_6":{"foreach":"@body('Get_items_2')?['value']","actions":{"Append_to_string_variable_3":{"runAfter":{},"type":"AppendToStringVariable","inputs":{"name":"BuildingEntries","value":"<li>@{items('Apply_to_each_6')?['VisitorName']}</li>"}}},"runAfter":{"Get_items_2":["Succeeded"]},"type":"Foreach"}},"runAfter":{"Get_requests":["Succeeded"]},"type":"Foreach"}},"runAfter":{"Get_floors":["Succeeded"]},"type":"Foreach"},"Condition":{"actions":{"Send_an_email_(V2)":{"runAfter":{},"metadata":{"flowSystemMetadata":{"swaggerOperationId":"SendEmailV2"}},"type":"ApiConnection","inputs":{"host":{"connection":{"name":"@parameters('$connections')['shared_office365']['connectionId']"},"api":{"runtimeUrl":"https://canada-001.azure-apim.net/apim/office365"}},"method":"post","body":{"To":"@items('Apply_to_each')?['CommissionaireEmail']","Subject":"Entries to @{items('Apply_to_each')?['BuildingEnglishText']} - @{formatDateTime(utcNow(), 'MMM d, yyyy')\r\n}","Body":"<p>Below are the approved entries today for @{items('Apply_to_each')?['BuildingEnglishText']}:</p>\n\n@{variables('BuildingEntries')}","From":"donotreply-nepasrepondre@justice.gc.ca","Importance":"Normal"},"path":"/v2/Mail","authentication":"@parameters('$authentication')"}}},"runAfter":{"Apply_to_each_2":["Succeeded"]},"expression":{"not":{"equals":["@variables('BuildingEntries')","@null"]}},"type":"If"},"Set_variable_3":{"runAfter":{},"type":"SetVariable","inputs":{"name":"BuildingEntries","value":"@{null}"}},"Get_floors":{"runAfter":{"Set_variable_3":["Succeeded"]},"metadata":{"flowSystemMetadata":{"swaggerOperationId":"GetItems"}},"type":"ApiConnection","inputs":{"host":{"connection":{"name":"@parameters('$connections')['shared_sharepointonline']['connectionId']"},"api":{"runtimeUrl":"https://canada-001.azure-apim.net/apim/sharepointonline"}},"method":"get","path":"/datasets/@{encodeURIComponent(encodeURIComponent('YOUR_SHAREPOINT_ONLINE_SITE_HERE'))}/tables/@{encodeURIComponent(encodeURIComponent('Floor'))}/items","queries":{"$filter":"BuildingID eq '@{items('Apply_to_each')?['Title']}'"},"authentication":"@parameters('$authentication')"}}},"runAfter":{"Get_buildings":["Succeeded"]},"type":"Foreach"},"Initialize_variable_3":{"runAfter":{},"type":"InitializeVariable","inputs":{"variables":[{"name":"BuildingEntries","type":"string"}]}}},"description":"Sends the commissionaires an email of approved visitors everyday at 6am."},"connectionReferences":{"shared_sharepointonline":{"connectionName":"644e903d6e274ec88496aff4d769f003","source":"Embedded","id":"/providers/Microsoft.PowerApps/apis/shared_sharepointonline","tier":"NotSpecified"},"shared_office365":{"connectionName":"shared-office365-80b3aefd-889d-4775-a96a-bd5df5cfbd24","source":"Embedded","id":"/providers/Microsoft.PowerApps/apis/shared_office365","tier":"NotSpecified"}},"flowFailureAlertSubscribed":false}}