{"schemaVersion":"1.0","appDefinitionTemplate":{"id":"/providers/Microsoft.PowerApps/apps/","type":"Microsoft.PowerApps/apps","tags":{"primaryDeviceWidth":"640","primaryDeviceHeight":"1136","supportsPortrait":"true","supportsLandscape":"true","primaryFormFactor":"Phone","publisherVersion":"3.22105.21","minimumRequiredApiVersion":"2.2.0","hasComponent":"true","hasUnlockedComponent":"true","isUnifiedRootApp":"false","sienaVersion":"20221114T184734Z-3.22105.21.0"},"properties":{"appVersion":"2022-11-14T18:47:34Z","lifeCycleId":"Published","createdByClientVersion":{"major":3,"minor":22105,"build":21,"revision":0,"majorRevision":0,"minorRevision":0},"minClientVersion":{"major":3,"minor":22105,"build":21,"revision":0,"majorRevision":0,"minorRevision":0},"backgroundColor":"rgba(255, 255, 255, 1)","backgroundImageUri":"/11264202163498904785/Nfb9f75bc-758e-4b7a-9d14-5268063686f1-logoSmallFile","displayName":"OGD-AM - Office Entry - Entrée au bureau","description":"To support hybrid working, this app can help you coordinate with your manager and reserve a workspace where applicable.\n\n--\n\nPour soutenir le travail hybride, -cette application peut vous aider à coordonner avec votre gestionnaire et à réserver un espace de travail, le cas échéant.","commitMessage":"","appUris":{"documentUri":{"value":"/11264202163498904785/Nce22e05e-6e00-4b46-9ed5-cf9b12c3a050-document.msapp"},"imageUris":[],"additionalUris":[]},"createdTime":"0001-01-01T00:00:00Z","lastModifiedTime":"0001-01-01T00:00:00Z","sharedGroupsCount":0,"sharedUsersCount":0,"icons":{"smallIconUri":"/11264202163498904785/Nbe0b6931-2f25-4a87-a412-b037d639e3e2-small.png","mediumIconUri":"/11264202163498904785/N2e82c4d2-e3e3-49f2-b216-98a2b5351343-medium.png","largeIconUri":"/11264202163498904785/Ndc23dee8-1251-435e-bb67-22d1784f5cff-large.png","wideIconUri":"/11264202163498904785/Ndd1b2c03-8b82-4288-9141-2643958752a5-wide.png"},"connectionReferences":{},"databaseReferences":{},"almMode":"Environment","performanceOptimizationEnabled":false,"canConsumeAppPass":true,"enableModernRuntimeMode":false,"executionRestrictions":{"isTeamsOnly":false,"dataLossPreventionEvaluationResult":{"status":"Compliant","lastEvaluationDate":"2021-01-27T17:06:21.6701099Z","violationDetails":[]}}},"appType":"ClassicCanvasApp","appComponents":[]}}