{"name":"6fda802c-993a-4c7a-a713-96e253cc8eda","id":"/providers/Microsoft.Flow/flows/6fda802c-993a-4c7a-a713-96e253cc8eda","type":"Microsoft.Flow/flows","properties":{"apiId":"/providers/Microsoft.PowerApps/apis/shared_logicflows","displayName":"Office Entry - Attestation Response","definition":{"metadata":{"workflowEntityId":null,"flowclientsuspensionreason":"None","flowclientsuspensiontime":null,"creator":{"id":"370a5968-f2cd-43b5-8e9e-032d3ee211f5","type":"User","tenantId":"tenant_id"},"provisioningMethod":"FromDefinition","failureAlertSubscription":true,"clientLastModifiedTime":"2020-08-23T17:39:42.2697479Z"},"$schema":"https://schema.management.azure.com/providers/Microsoft.Logic/schemas/2016-06-01/workflowdefinition.json#","contentVersion":"1.0.0.0","parameters":{"$connections":{"defaultValue":{},"type":"Object"},"$authentication":{"defaultValue":{},"type":"SecureObject"}},"triggers":{"When_a_new_response_is_submitted":{"splitOn":"@triggerBody()?['value']","metadata":{"flowSystemMetadata":{"swaggerOperationId":"CreateFormWebhook"}},"type":"ApiConnectionWebhook","inputs":{"host":{"connection":{"name":"@parameters('$connections')['shared_microsoftforms']['connectionId']"},"api":{"runtimeUrl":"https://canada-001.azure-apim.net/apim/microsoftforms"}},"body":{"eventType":"responseAdded","notificationUrl":"@{listCallbackUrl()}","source":"ms-connector"},"path":"/formapi/api/forms/@{encodeURIComponent('SURVEY_PATH_GOES_HERE')}/webhooks","authentication":"@parameters('$authentication')"}}},"actions":{"Get_response_details":{"runAfter":{},"metadata":{"flowSystemMetadata":{"swaggerOperationId":"GetFormResponseById"}},"type":"ApiConnection","inputs":{"host":{"connection":{"name":"@parameters('$connections')['shared_microsoftforms']['connectionId']"},"api":{"runtimeUrl":"https://canada-001.azure-apim.net/apim/microsoftforms"}},"method":"get","path":"/formapi/api/forms('@{encodeURIComponent('SURVEY_PATH_GOES_HERE')}')/responses","queries":{"response_id":"@triggerBody()?['resourceData']?['responseId']"},"authentication":"@parameters('$authentication')"}},"Create_item":{"runAfter":{"Get_response_details":["Succeeded"]},"metadata":{"flowSystemMetadata":{"swaggerOperationId":"PostItem"}},"type":"ApiConnection","inputs":{"host":{"connection":{"name":"@parameters('$connections')['shared_sharepointonline']['connectionId']"},"api":{"runtimeUrl":"https://canada-001.azure-apim.net/apim/sharepointonline"}},"method":"post","body":{"Title":"@{guid()\r\n}","VisitorName":"@body('Get_response_details')?['rd937101d2e044b1bbcc78a3fdffcd0de']","VisitorEmail":"@{trim(toLower(body('Get_response_details')?['r400585824bc649cf855a10156d4410eb']))\r\n}","VisitorPhone":"@body('Get_response_details')?['rd87c8587c1744496a3baa0fd45207ad1']","Attestation":"@body('Get_response_details')?['r4e2b7458dcaf48d28209305a16960a0c']"},"path":"/datasets/@{encodeURIComponent(encodeURIComponent('YOUR_SHAREPOINT_ONLINE_SITE_HERE'))}/tables/@{encodeURIComponent(encodeURIComponent('VisitorAttestation'))}/items","authentication":"@parameters('$authentication')"}}}},"connectionReferences":{"shared_microsoftforms":{"connectionName":"shared-microsoftform-7a4da71e-f8f6-419b-948b-8a6a9558b0c9","source":"Embedded","id":"/providers/Microsoft.PowerApps/apis/shared_microsoftforms","tier":"NotSpecified"},"shared_sharepointonline":{"connectionName":"644e903d6e274ec88496aff4d769f003","source":"Embedded","id":"/providers/Microsoft.PowerApps/apis/shared_sharepointonline","tier":"NotSpecified"}},"flowFailureAlertSubscribed":false}}